-- --------------------------------------------------------
-- Host:                         127.0.0.1
-- Server version:               5.7.24 - MySQL Community Server (GPL)
-- Server OS:                    Win64
-- HeidiSQL Version:             10.2.0.5599
-- --------------------------------------------------------

/*!40101 SET @OLD_CHARACTER_SET_CLIENT=@@CLIENT */;
/*!40101 SET NAMES utf8 */;
/*!50503 SET NAMES utf8mb4 */;
/*!40014 SET @OLD_FOREIGN_KEY_CHECKS=@@FOREIGN_KEY_CHECKS, FOREIGN_KEY_CHECKS=0 */;
/*!40101 SET @OLD_SQL_MODE=@@SQL_MODE, SQL_MODE='NO_AUTO_VALUE_ON_ZERO' */;


-- Dumping database structure for sample_data
DROP DATABASE IF EXISTS `sample_data`;
CREATE DATABASE IF NOT EXISTS `sample_data` /*!40100 DEFAULT CHARACTER SET latin1 */;
USE `sample_data`;

-- Dumping structure for table sample_data.nilai_kelas
DROP TABLE IF EXISTS `nilai_kelas`;
CREATE TABLE IF NOT EXISTS `nilai_kelas` (
  `id` int(11) NOT NULL AUTO_INCREMENT,
  `kelas` varchar(50) NOT NULL,
  `mengeja` int(11) DEFAULT '0',
  `penjumlahan` int(11) DEFAULT '0',
  `menulis` int(11) DEFAULT '0',
  `keaktifan` int(11) DEFAULT '0',
  `pengurangan` int(11) DEFAULT '0',
  `mewarnai` int(11) DEFAULT '0',
  `menggambar` int(11) DEFAULT '0',
  `mencocokan_bentuk` int(11) DEFAULT '0',
  PRIMARY KEY (`id`)
) ENGINE=InnoDB AUTO_INCREMENT=5 DEFAULT CHARSET=latin1;

-- Dumping data for table sample_data.nilai_kelas: ~4 rows (approximately)
DELETE FROM `nilai_kelas`;
/*!40000 ALTER TABLE `nilai_kelas` DISABLE KEYS */;
INSERT INTO `nilai_kelas` (`id`, `kelas`, `mengeja`, `penjumlahan`, `menulis`, `keaktifan`, `pengurangan`, `mewarnai`, `menggambar`, `mencocokan_bentuk`) VALUES
	(1, 'C', 75, 65, 70, 80, 75, 80, 75, 80),
	(2, 'B', 90, 85, 80, 85, 85, 90, 85, 85),
	(3, 'A', 90, 85, 85, 85, 90, 95, 90, 90),
	(4, 'D', 65, 60, 60, 65, 60, 65, 65, 65);
/*!40000 ALTER TABLE `nilai_kelas` ENABLE KEYS */;

-- Dumping structure for table sample_data.nilai_siswa
DROP TABLE IF EXISTS `nilai_siswa`;
CREATE TABLE IF NOT EXISTS `nilai_siswa` (
  `id` int(11) NOT NULL AUTO_INCREMENT,
  `id_siswa` int(11) NOT NULL,
  `mengeja` int(11) DEFAULT '0',
  `penjumlahan` int(11) DEFAULT '0',
  `menulis` int(11) DEFAULT '0',
  `keaktifan` int(11) DEFAULT '0',
  `pengurangan` int(11) DEFAULT '0',
  `mewarnai` int(11) DEFAULT '0',
  `menggambar` int(11) DEFAULT '0',
  `mencocokan_bentuk` int(11) DEFAULT '0',
  PRIMARY KEY (`id`)
) ENGINE=InnoDB AUTO_INCREMENT=220 DEFAULT CHARSET=latin1;

-- Dumping data for table sample_data.nilai_siswa: ~219 rows (approximately)
DELETE FROM `nilai_siswa`;
/*!40000 ALTER TABLE `nilai_siswa` DISABLE KEYS */;
INSERT INTO `nilai_siswa` (`id`, `id_siswa`, `mengeja`, `penjumlahan`, `menulis`, `keaktifan`, `pengurangan`, `mewarnai`, `menggambar`, `mencocokan_bentuk`) VALUES
	(1, 1, 73, 81, 85, 78, 73, 61, 82, 97),
	(2, 2, 69, 89, 92, 86, 65, 84, 71, 68),
	(3, 4, 93, 85, 79, 78, 80, 85, 87, 96),
	(4, 3, 88, 87, 69, 71, 70, 85, 81, 93),
	(5, 5, 72, 88, 94, 88, 75, 83, 94, 70),
	(6, 6, 93, 89, 96, 97, 87, 69, 63, 79),
	(7, 7, 66, 95, 69, 79, 88, 77, 66, 61),
	(8, 8, 62, 70, 96, 76, 75, 78, 60, 61),
	(9, 9, 85, 69, 64, 79, 86, 79, 78, 80),
	(10, 10, 79, 81, 63, 78, 94, 64, 90, 68),
	(11, 11, 98, 75, 86, 95, 97, 83, 79, 86),
	(12, 12, 87, 63, 65, 68, 93, 66, 60, 75),
	(13, 13, 93, 65, 94, 63, 85, 92, 83, 89),
	(14, 14, 81, 94, 91, 62, 87, 64, 82, 97),
	(15, 16, 69, 72, 76, 70, 71, 63, 90, 75),
	(16, 17, 93, 66, 70, 86, 71, 73, 91, 67),
	(17, 15, 93, 89, 95, 72, 92, 63, 82, 75),
	(18, 18, 70, 90, 99, 92, 62, 81, 61, 60),
	(19, 19, 93, 68, 89, 60, 68, 70, 99, 87),
	(20, 20, 79, 61, 65, 62, 97, 95, 97, 97),
	(21, 21, 73, 95, 65, 86, 72, 85, 68, 63),
	(22, 22, 63, 63, 77, 66, 74, 88, 98, 92),
	(23, 23, 95, 80, 63, 63, 94, 61, 83, 74),
	(24, 24, 65, 96, 81, 65, 60, 71, 83, 96),
	(25, 25, 77, 80, 67, 79, 96, 84, 95, 90),
	(26, 27, 60, 83, 85, 66, 65, 83, 63, 71),
	(27, 26, 68, 70, 87, 98, 65, 88, 80, 63),
	(28, 28, 85, 87, 71, 71, 84, 84, 75, 68),
	(29, 29, 89, 75, 85, 61, 77, 64, 88, 71),
	(30, 30, 87, 97, 86, 79, 78, 72, 90, 61),
	(31, 31, 99, 91, 88, 66, 97, 90, 85, 80),
	(32, 32, 80, 98, 95, 82, 65, 75, 82, 75),
	(33, 34, 79, 91, 99, 66, 62, 86, 71, 75),
	(34, 33, 92, 70, 80, 78, 62, 75, 67, 92),
	(35, 36, 76, 80, 86, 85, 93, 68, 99, 72),
	(36, 35, 87, 67, 64, 74, 60, 93, 66, 78),
	(37, 37, 93, 94, 73, 99, 60, 94, 61, 76),
	(38, 38, 65, 62, 71, 69, 65, 73, 89, 92),
	(39, 39, 72, 80, 89, 83, 66, 99, 93, 85),
	(40, 40, 91, 88, 63, 97, 84, 62, 66, 95),
	(41, 42, 70, 99, 66, 67, 87, 65, 65, 81),
	(42, 41, 83, 81, 89, 84, 93, 63, 97, 61),
	(43, 43, 79, 82, 65, 89, 97, 98, 99, 60),
	(44, 44, 83, 66, 88, 76, 62, 80, 68, 90),
	(45, 45, 72, 78, 75, 96, 60, 68, 69, 93),
	(46, 48, 84, 63, 81, 79, 76, 83, 88, 74),
	(47, 46, 63, 89, 63, 82, 79, 85, 80, 65),
	(48, 47, 80, 96, 94, 74, 60, 96, 96, 79),
	(49, 49, 66, 62, 63, 70, 61, 66, 80, 81),
	(50, 51, 96, 64, 74, 79, 98, 61, 87, 67),
	(51, 50, 92, 68, 82, 70, 86, 65, 86, 71),
	(52, 52, 85, 95, 61, 64, 80, 87, 67, 64),
	(53, 53, 87, 87, 94, 69, 94, 74, 88, 69),
	(54, 54, 64, 86, 89, 67, 90, 81, 63, 73),
	(55, 56, 98, 87, 81, 76, 69, 88, 67, 98),
	(56, 55, 85, 85, 76, 87, 79, 70, 85, 96),
	(57, 57, 82, 60, 86, 85, 87, 84, 67, 70),
	(58, 58, 80, 71, 93, 67, 84, 91, 94, 81),
	(59, 59, 62, 83, 72, 84, 83, 87, 60, 90),
	(60, 60, 75, 62, 96, 70, 82, 78, 98, 78),
	(61, 62, 86, 72, 78, 77, 65, 99, 95, 78),
	(62, 63, 72, 75, 81, 65, 80, 98, 97, 60),
	(63, 61, 68, 80, 70, 85, 63, 91, 67, 62),
	(64, 64, 78, 96, 88, 83, 98, 89, 87, 87),
	(65, 65, 66, 82, 61, 88, 71, 63, 77, 86),
	(66, 67, 76, 62, 99, 92, 78, 83, 80, 61),
	(67, 66, 73, 84, 94, 87, 89, 65, 83, 66),
	(68, 68, 99, 92, 93, 91, 91, 74, 92, 61),
	(69, 71, 83, 99, 86, 99, 92, 76, 89, 72),
	(70, 69, 65, 78, 88, 82, 60, 76, 92, 62),
	(71, 70, 60, 78, 88, 61, 67, 60, 90, 82),
	(72, 74, 67, 88, 61, 92, 73, 76, 99, 96),
	(73, 76, 97, 79, 96, 99, 61, 75, 88, 62),
	(74, 77, 94, 60, 62, 89, 91, 85, 76, 77),
	(75, 78, 67, 93, 70, 76, 89, 72, 82, 84),
	(76, 79, 98, 70, 64, 99, 73, 66, 77, 79),
	(77, 80, 85, 73, 66, 62, 73, 89, 92, 98),
	(78, 72, 83, 96, 88, 76, 89, 76, 63, 97),
	(79, 81, 77, 75, 84, 85, 61, 82, 91, 60),
	(80, 82, 73, 69, 90, 95, 88, 80, 98, 83),
	(81, 83, 76, 63, 82, 80, 97, 88, 83, 64),
	(82, 73, 71, 87, 90, 98, 74, 61, 79, 72),
	(83, 84, 84, 66, 72, 81, 92, 80, 99, 86),
	(84, 75, 92, 61, 89, 77, 72, 77, 65, 69),
	(85, 86, 76, 60, 96, 92, 98, 66, 75, 68),
	(86, 87, 96, 60, 99, 90, 65, 91, 61, 70),
	(87, 85, 60, 86, 86, 98, 91, 73, 72, 89),
	(88, 90, 74, 73, 61, 64, 98, 99, 76, 94),
	(89, 91, 88, 98, 68, 63, 75, 83, 64, 71),
	(90, 88, 91, 75, 83, 74, 79, 89, 64, 90),
	(91, 89, 71, 71, 90, 62, 92, 64, 93, 99),
	(92, 92, 71, 94, 79, 75, 62, 95, 74, 69),
	(93, 93, 66, 77, 95, 61, 91, 91, 91, 92),
	(94, 96, 67, 97, 74, 61, 93, 80, 71, 72),
	(95, 94, 65, 87, 80, 94, 66, 85, 79, 65),
	(96, 95, 63, 69, 93, 96, 84, 79, 96, 92),
	(97, 97, 64, 88, 77, 76, 76, 97, 98, 85),
	(98, 99, 74, 85, 64, 94, 96, 95, 92, 84),
	(99, 98, 78, 79, 65, 97, 75, 81, 65, 79),
	(100, 100, 76, 88, 99, 81, 68, 72, 96, 95),
	(101, 101, 84, 87, 61, 76, 91, 68, 89, 96),
	(102, 102, 92, 82, 68, 88, 64, 83, 78, 65),
	(103, 103, 74, 65, 91, 81, 94, 97, 75, 81),
	(104, 104, 60, 66, 97, 63, 85, 79, 65, 95),
	(105, 105, 82, 71, 85, 89, 85, 79, 77, 66),
	(106, 106, 68, 68, 99, 94, 61, 69, 97, 97),
	(107, 107, 98, 68, 75, 61, 66, 77, 68, 88),
	(108, 108, 81, 94, 64, 99, 97, 65, 65, 61),
	(109, 109, 88, 76, 87, 97, 78, 73, 67, 64),
	(110, 111, 89, 92, 92, 74, 89, 85, 61, 69),
	(111, 110, 97, 88, 74, 90, 87, 78, 60, 81),
	(112, 113, 79, 73, 60, 93, 74, 77, 68, 76),
	(113, 112, 72, 92, 96, 75, 85, 88, 61, 77),
	(114, 115, 77, 64, 93, 94, 85, 78, 84, 92),
	(115, 114, 66, 96, 77, 89, 79, 74, 97, 75),
	(116, 116, 65, 62, 62, 72, 92, 75, 86, 72),
	(117, 120, 81, 85, 65, 71, 64, 78, 81, 79),
	(118, 122, 81, 84, 67, 72, 86, 62, 96, 94),
	(119, 123, 85, 79, 98, 83, 71, 87, 73, 99),
	(120, 118, 96, 96, 77, 99, 64, 66, 97, 69),
	(121, 119, 77, 68, 79, 88, 99, 84, 79, 80),
	(122, 117, 68, 68, 83, 98, 90, 69, 78, 66),
	(123, 124, 87, 82, 91, 81, 94, 60, 60, 70),
	(124, 125, 80, 64, 97, 82, 88, 98, 97, 74),
	(125, 126, 76, 68, 65, 90, 76, 64, 77, 82),
	(126, 127, 78, 76, 60, 60, 70, 67, 75, 62),
	(127, 128, 81, 83, 93, 98, 75, 91, 90, 87),
	(128, 129, 89, 64, 94, 68, 92, 91, 71, 82),
	(129, 130, 82, 82, 75, 70, 97, 80, 94, 85),
	(130, 121, 67, 91, 60, 63, 99, 88, 61, 62),
	(131, 131, 90, 72, 88, 87, 61, 84, 83, 93),
	(132, 132, 60, 94, 86, 79, 69, 67, 81, 83),
	(133, 133, 85, 73, 91, 84, 85, 85, 75, 75),
	(134, 134, 85, 66, 90, 98, 62, 86, 99, 66),
	(135, 135, 92, 89, 68, 81, 82, 90, 79, 94),
	(136, 136, 95, 62, 91, 84, 76, 66, 94, 67),
	(137, 137, 72, 87, 74, 84, 66, 80, 86, 65),
	(138, 138, 74, 73, 80, 79, 73, 79, 69, 95),
	(139, 139, 88, 84, 99, 68, 93, 76, 79, 84),
	(140, 142, 74, 60, 62, 78, 83, 70, 93, 88),
	(141, 140, 85, 98, 80, 81, 99, 63, 87, 74),
	(142, 143, 73, 98, 77, 86, 85, 68, 89, 84),
	(143, 144, 82, 93, 68, 92, 95, 67, 68, 67),
	(144, 141, 96, 71, 96, 92, 90, 69, 97, 72),
	(145, 145, 97, 63, 90, 98, 74, 65, 60, 72),
	(146, 146, 65, 91, 90, 91, 73, 79, 94, 73),
	(147, 147, 86, 63, 64, 79, 94, 86, 90, 82),
	(148, 148, 96, 80, 75, 90, 78, 84, 94, 83),
	(149, 149, 98, 74, 99, 88, 99, 62, 62, 67),
	(150, 150, 84, 75, 75, 77, 82, 63, 60, 72),
	(151, 151, 96, 85, 64, 69, 98, 97, 88, 78),
	(152, 152, 86, 61, 99, 99, 91, 82, 77, 92),
	(153, 153, 67, 98, 86, 85, 68, 91, 80, 87),
	(154, 154, 99, 66, 92, 95, 91, 93, 82, 60),
	(155, 155, 68, 87, 77, 69, 91, 82, 81, 73),
	(156, 156, 87, 93, 86, 97, 74, 80, 68, 94),
	(157, 157, 91, 64, 61, 90, 89, 78, 84, 88),
	(158, 158, 74, 85, 68, 90, 89, 79, 97, 78),
	(159, 159, 64, 97, 91, 79, 98, 61, 73, 69),
	(160, 160, 87, 71, 83, 74, 72, 67, 67, 82),
	(161, 161, 62, 97, 70, 71, 95, 73, 71, 88),
	(162, 162, 92, 97, 62, 66, 83, 60, 66, 87),
	(163, 163, 78, 66, 98, 60, 64, 92, 78, 74),
	(164, 164, 85, 88, 60, 74, 86, 67, 72, 70),
	(165, 165, 65, 95, 74, 79, 85, 84, 60, 85),
	(166, 166, 89, 93, 81, 73, 82, 86, 75, 88),
	(167, 167, 88, 76, 74, 79, 72, 77, 84, 67),
	(168, 168, 74, 67, 69, 86, 85, 93, 60, 97),
	(169, 169, 95, 95, 74, 89, 80, 77, 67, 88),
	(170, 171, 79, 85, 96, 95, 74, 95, 66, 74),
	(171, 170, 72, 61, 77, 78, 91, 64, 72, 65),
	(172, 172, 65, 92, 93, 84, 75, 70, 64, 64),
	(173, 173, 63, 71, 95, 62, 78, 99, 80, 81),
	(174, 174, 78, 75, 93, 64, 69, 80, 83, 88),
	(175, 175, 68, 95, 81, 87, 92, 83, 81, 96),
	(176, 176, 70, 65, 93, 96, 81, 65, 90, 94),
	(177, 177, 69, 94, 96, 68, 79, 72, 68, 96),
	(178, 178, 67, 89, 67, 88, 78, 99, 71, 86),
	(179, 179, 78, 94, 94, 80, 97, 91, 60, 68),
	(180, 181, 98, 83, 92, 87, 79, 89, 93, 87),
	(181, 180, 76, 71, 76, 92, 72, 84, 89, 68),
	(182, 182, 66, 85, 70, 84, 76, 75, 81, 75),
	(183, 183, 65, 95, 69, 82, 86, 66, 87, 86),
	(184, 184, 81, 73, 73, 72, 65, 87, 65, 97),
	(185, 185, 70, 73, 79, 78, 63, 76, 82, 76),
	(186, 187, 68, 78, 67, 96, 94, 90, 92, 70),
	(187, 186, 74, 64, 99, 74, 79, 96, 74, 74),
	(188, 189, 75, 62, 97, 88, 70, 62, 80, 66),
	(189, 188, 94, 90, 96, 67, 74, 99, 90, 83),
	(190, 190, 85, 83, 99, 60, 77, 98, 80, 79),
	(191, 192, 63, 99, 63, 90, 60, 89, 78, 69),
	(192, 191, 79, 89, 96, 92, 95, 60, 63, 96),
	(193, 193, 78, 60, 71, 88, 75, 64, 83, 82),
	(194, 194, 98, 92, 73, 66, 85, 84, 73, 91),
	(195, 195, 67, 95, 62, 81, 85, 73, 88, 60),
	(196, 197, 94, 82, 91, 68, 92, 98, 66, 88),
	(197, 196, 68, 61, 63, 79, 63, 69, 98, 78),
	(198, 198, 95, 84, 65, 95, 71, 81, 69, 99),
	(199, 199, 85, 86, 90, 67, 95, 76, 70, 87),
	(200, 201, 88, 60, 63, 60, 99, 73, 70, 71),
	(201, 200, 79, 87, 63, 96, 88, 95, 81, 93),
	(202, 202, 69, 76, 87, 64, 65, 69, 88, 70),
	(203, 203, 70, 91, 94, 92, 85, 71, 80, 69),
	(204, 204, 74, 98, 71, 74, 95, 94, 89, 87),
	(205, 205, 65, 92, 91, 71, 83, 61, 99, 70),
	(206, 206, 87, 75, 98, 72, 63, 98, 85, 61),
	(207, 207, 92, 82, 97, 76, 87, 92, 92, 67),
	(208, 208, 66, 97, 73, 81, 60, 86, 99, 60),
	(209, 209, 63, 89, 61, 91, 62, 70, 85, 69),
	(210, 210, 66, 84, 69, 65, 75, 90, 98, 76),
	(211, 212, 71, 93, 67, 72, 72, 78, 82, 98),
	(212, 211, 89, 81, 81, 74, 88, 88, 83, 85),
	(213, 213, 70, 81, 78, 68, 64, 99, 96, 66),
	(214, 214, 85, 90, 65, 96, 89, 85, 92, 91),
	(215, 215, 73, 68, 96, 86, 78, 87, 80, 78),
	(216, 216, 65, 95, 76, 98, 95, 75, 76, 61),
	(217, 217, 78, 69, 88, 76, 71, 77, 78, 87),
	(218, 218, 71, 83, 88, 84, 92, 82, 76, 62),
	(219, 219, 90, 97, 89, 64, 71, 88, 71, 82);
/*!40000 ALTER TABLE `nilai_siswa` ENABLE KEYS */;

-- Dumping structure for table sample_data.siswa
DROP TABLE IF EXISTS `siswa`;
CREATE TABLE IF NOT EXISTS `siswa` (
  `id` int(11) NOT NULL AUTO_INCREMENT,
  `nisn` varchar(50) DEFAULT NULL,
  `nama` varchar(50) DEFAULT NULL,
  `jenis_kelamin` varchar(1) DEFAULT NULL,
  `alamat` varchar(255) DEFAULT NULL,
  PRIMARY KEY (`id`)
) ENGINE=InnoDB AUTO_INCREMENT=220 DEFAULT CHARSET=latin1;

-- Dumping data for table sample_data.siswa: ~219 rows (approximately)
DELETE FROM `siswa`;
/*!40000 ALTER TABLE `siswa` DISABLE KEYS */;
INSERT INTO `siswa` (`id`, `nisn`, `nama`, `jenis_kelamin`, `alamat`) VALUES
	(1, '181905001', 'AIDAN FAHREZI', 'L', 'PERUM BUMI KOSAMBI PERMAI (BKP) BLOK E6 NO.2'),
	(2, '171804003', 'ALISYA DWI HAMIDAH', 'P', 'PERUM BUMI KOSAMBI PERMAI (BKP) B2 NO.25'),
	(3, '171804004', 'AMANDA RIFANI QISTY', 'P', 'PERUM BUMI KOSAMBI PERMAI (BKP) BLOK D2 NO.9'),
	(4, '171804005', 'ANA ALTHOFUNNISA', 'P', 'PERUM BUMI KOSAMBI PERMAI (BKP) BLOK E3 NO. 07'),
	(5, '171804007', 'ANTONIO RIZQI MAULANA', 'L', 'PERUM BUMI KOSAMBI PERMAI (BKP) BLOK E3 NO.4'),
	(6, '171804008', 'ARJUNA FAIZ RAMADHAN', 'L', 'PERUM BUMI KOSAMBI PERMAI (BKP) BLOK C2 NO.28'),
	(7, '181905002', 'ASYIELA KHANZA CLARISSA', 'P', 'PERUM BUMI KOSAMBI PERMAI (BKP) BLOK A3 NO. 23'),
	(8, '171804009', 'ASYRAF KHAIRUL AMRI', 'L', 'PERUM BUMI KOSAMBI PERMAI (BKP) BLOK C2 NO.33'),
	(9, '171804010', 'AUFAR ALFIANSYAH REDIONO', 'L', 'PERUM BUMI KOSAMBI PERMAI (BKP) BLOK C1 NO. 03'),
	(10, '181905003', 'AZKA DANISH', 'L', 'PERUM BUMI KOSAMBI PERMAI (BKP) '),
	(11, '181905004', 'AZKA MAULANA', 'L', 'PERUM BUMI KOSAMBI PERMAI (BKP) BLOK C3 NO.5 '),
	(12, '171804011', 'AZKA NIZAR SAPUTRA', 'L', 'PERUM BUMI KOSAMBI PERMAI (BKP) BLOK C4 NO.46'),
	(13, '181905005', 'DELISA ARSINTA ASYABILLA', 'P', 'PERUM BUMI KOSAMBI PERMAI (BKP) BLOK D3 NO.13'),
	(14, '171804014', 'DWI MAULANA YUSUF', 'L', 'PERUM BUMI KOSAMBI PERMAI (BKP) BLOK E5 NO.9'),
	(15, '171804015', 'DWI YUDHA PRATAMA', 'L', 'PERUM BUMI KOSAMBI PERMAI (BKP) BLOK B2 NO.3'),
	(16, '161701007', 'ERLANGGA RADITYA', 'L', 'PERUM BUMI KOSAMBI PERMAI (BKP) BLOK C2 No. 38'),
	(17, '181905006', 'FITRIA AULIA RAMADHANIA', 'P', 'PERUM BUMI KOSAMBI PERMAI (BKP) BLOK A3 NO.12'),
	(18, '171804016', 'GHAITSAA YUMNA PURNAMA', 'P', 'PERUM BUMI KOSAMBI PERMAI (BKP) BLOK A1 NO.28'),
	(19, '171804017', 'GILANG ALKHALIFI ZIKRI', 'L', 'PERUM BUMI KOSAMBI PERMAI (BKP) BLOK B2 NO.1'),
	(20, '171804019', 'ILHAM RAMDHAN NUGROHO', 'L', 'PERUM BUMI KOSAMBI PERMAI (BKP) BLOK A1 NO.41'),
	(21, '181905007', 'JOELIA SUCI FAHMARANI', 'P', 'PERUM BUMI KOSAMBI PERMAI (BKP) BLOK E3 NO. 6'),
	(22, '181905008', 'KENZHI CAHAYA MULYADI', 'L', 'JALAN POJ NO. 01 '),
	(23, '181905009', 'KHAERUNNISA', 'P', 'JATIRASA'),
	(24, '181905010', 'MUHAMMAD ADITYA NUR MAULANA', 'L', 'PERUM BUMI KOSAMBI PERMAI (BKP) BLOK E2 NO.12'),
	(25, '171804021', 'MUHAMMAD AKBAR', 'L', 'PERUM BUMI KOSAMBI PERMAI (BKP) BLOK B1 NO.30'),
	(26, '171804024', 'NABIL HAIDAR PRADIPTA', 'L', 'PERUM BUMI KOSAMBI PERMAI (BKP) BLOK A3 NO.16'),
	(27, '181905011', 'NABILA AURA ZHAFIRA', 'P', 'PERUM BUMI KOSAMBI PERMAI (BKP) BLOK E3 NO.21'),
	(28, '171804025', 'NABILA CANDY PUTRI AL MUIN', 'P', 'KOSAMBI 1'),
	(29, '181905012', 'PUTRA MUHAMAD ALFATIH', 'L', 'PERUM BUMI KOSAMBI PERMAI (BKP) BLOK B2 NO. 002 '),
	(30, '181905013', 'RAFA AVAREL ABGARY', 'L', 'PERUM BUMI KOSAMBI PERMAI (BKP) BLOK D8 NO.03 '),
	(31, '181905014', 'RAYA HABIBUR ROHMAN', 'L', 'PERUM BUMI KOAMBI PERMAI (BKP) BLOK B2 NO.7'),
	(32, '181905015', 'RAYA RIZKI ROBBANI', 'L', 'PERUM BUMI KOSAMBI PERMAI (BKP) BLOK D6 NO. 13'),
	(33, '181905016', 'SABREENA HANIFATUL QOLBI', 'P', 'PERUM BUMI KOSAMBI PERMAI (BKP) BLOK B1 NO.21'),
	(34, '171804028', 'SALSABILA PUTRI HARIFAH', 'P', 'PERUM BUMI KOSAMBI PERMAI (BKP) BLOK A1 NO.48'),
	(35, '171804029', 'TIBYAN FATURRAHMAN', 'L', 'PERUM BUMI KOSAMBI PERMAI (BKP) BLOK C3 NO 29'),
	(36, '0146299890', 'ABBY YUSUF', 'L', 'PERUM BUMI KOSAMBI PERMAI (BKP) BLOK C1 NO.6'),
	(37, '3140466107', 'ABDAN ARJUNA ZANAIL TSABIL', 'L', 'PERUM BUMI KOSAMBI PERMAI (BKP) BLOK D4 NO. 14'),
	(38, '0141698409', 'ADZKIA SAMHA SAUFA', 'P', 'PERUM BUMI KOSAMBI PERMAI (BKP) BLOK B1 NO.22'),
	(39, '0142633290', 'AGNETA DESWA MAULIA', 'P', 'PERUM BUMI KOSAMBI PERMAI BLOK A4 NO.07'),
	(40, '3157331735', 'AHMAD HAIDAR', 'L', 'PERUM BUMI KOSAMBI PERMAI (BKP) BLOK E5 NO.17'),
	(41, '3159719709', 'AHMAD UMAR SYAFIQ', 'L', 'PERUM BUMI KOSAMBI PERMAI (BKP) BLOK C4 NO. 5'),
	(42, '0148302419', 'AKHDAN DZULHELMI SUGIANTO', 'L', 'PERUM BUMI KOSAMBI PERMAI (BKP) BLOK E2 NO. 23'),
	(43, '3162377026', 'ANNISA FAIHA NUR ADIBA', 'P', 'PERUM BUMI KOSAMBI PERMAI'),
	(44, '3140103891', 'AYU NING TYAS', 'P', 'PERUM BUMI KOSAMBI PERMAI (BKP)'),
	(45, '4374573457', 'CALISTA ARRUM SUJANA', 'P', 'PERUM BUMI KOSAMBI PERMAI BLOK E4 N0.11'),
	(46, '3153869898', 'CALLISTA AKIFA RAMADHANI', 'P', 'PERUM BUMI KOSAMBI PERMAI (BKP) BLOK E6 NO. 1'),
	(47, '0146760654', 'DAFFA ARYA AL ZIDAN', 'L', 'PERUM BUMI KOSAMBI PERMAI (BKP) BLOK E4 NO.5'),
	(48, '0153198806', 'DIMAS HERDIANA PRATAMA', 'L', 'BABAKAN NGANTAY'),
	(49, '0156292055', 'DZAKI FEBRIAN AL LATIF', 'L', 'PERUM BUMI KOSAMBI PERMAI BLOK D3 NO. 13'),
	(50, '0149262542', 'ELISA AZIZIAH ', 'P', 'PERUM BUMI KOSAMBI PERMAI (BKP) '),
	(51, '3152128687', 'GINA LESTARI PUTRI', 'P', 'PERUM BUMI KOSAMBI PERMAI (BKP) BLOK E4 NO.1'),
	(52, '3153428968', 'HANIF KHAIRUL AZZAM', 'L', 'PERUM BUMI KOSAMBI PERMAI (BKP) BLOK C2 NO.32'),
	(53, '3142585378', 'INDRA DWI WARMAN', 'L', 'PERUM BUMI KOSAMBI PERMAI (BKP) BLOK A2 NO. 3'),
	(54, '0141453220', 'KEN ALBI KANAHAYA', 'L', 'PERUM BUMI KOSAMBI PERMAI (BKP) BLOK D2 NO. 04'),
	(55, '3159052131', 'MARYAM IZZATUNNISA', 'P', 'PERUM BUMI KOSAMBI PERMAI (BKP)BLOK E4 NO. 9'),
	(56, '0146589156', 'MUHAMMAD AQSA', 'L', 'PERUM BUMI KOSAMBI PERMAI (BKP) BLOK D6 NO. 06'),
	(57, '0152757423', 'MUHAMMAD BILAL', 'L', 'JATIRASA '),
	(58, '3141819263', 'MUHAMMAD ILHAM ARRAFFI', 'L', 'PERUM BUMI KOSAMBI PERMAI (BKP)'),
	(59, '0146540035', 'MUHAMMAD NABIL ', 'L', 'PERUM BUMI KOSAMBI PERMAI (BKP) BLOK D6 NO.03 '),
	(60, '0134963361', 'MUHAMMAD NAFIS ALMUBAROK', 'L', 'PERUM BUMI KOSAMBI PERMAI(BKP) BLOK D8 NO.12'),
	(61, '0157800106', 'NAYFAH KHOYRUL UMMAH ', 'P', 'PERUM BUMI KOSAMBI PERMAI (BKP) BLOK A3 NO. 11'),
	(62, '3151905844', 'NAZWA ZAHIRA NURFADILLAH', 'P', 'PERUM BUMI KOSAMBI PERMAI (BKP) BLOK C4 NO. 16'),
	(63, '3151267413', 'NOVAL GUNAWAN', 'L', 'PERUM BUMI KOSAMBI PERMAI (BKP) BLOK C3 NO. 24'),
	(64, '3159880917', 'NUR NAELA', 'P', 'PERUM BUMI KOSAMBI PERMAI (BKP) BLOK D2 NO.3'),
	(65, '3156173351', 'PANDU SATRIO MAHARDIKA', 'L', 'PERUM BUKIT GADING RESIDENCE BLOK C1 NO.2'),
	(66, '3156560797', 'RAISYA ZAFIRA SALSABILA SUBAGJA', 'P', 'PERUM BUMI KOSAMBI PERMAI (BKP) BLOK E'),
	(67, '3154202801', 'RESTU RADITYA NUGRAHA', 'L', 'PERUM BUMI KOSAMBI PERMAI (BKP) BLOK E5 NO.15'),
	(68, '3150875348', 'RIANTI VARISHA HANI', 'P', 'PERUM BUMI KOAMBI PERMAI (BKP) BLOK A3 NO. 16'),
	(69, '3159768664', 'RIDWAN AFFANDI', 'L', 'PERUM BUMI KOSAMBI PERMAI (BKP) BLOK D6 NO. 12'),
	(70, '0142633819', 'SHAHIH MUHTADI', 'L', 'PERUM BUMI KOSAMBI PERMAI (BKP) BLOK C3 NO.19 '),
	(71, '3151919656', 'SYELFIA AVRILLA JASMINE', 'P', 'PERUM BUMI KOSAMBI PERMAI (BKP) BLOK E3 NO. 9'),
	(72, '3141777445', 'ACHMAD MUBARIZI FIRDAUS', 'L', 'PERUM CENGKONG PERSADA BLOK E2/03'),
	(73, '3156142772', 'ADONIA NAJMA ORLIN', 'P', 'BUMI KARAWANG RESIDENCE BLOK E5/8'),
	(74, '3158465412', 'ADZKIA SHAKILA KHAIRUNNISA', 'P', 'BUMI KARAWANG RESIDENCE BLOK D6/7'),
	(75, '3143428996', 'AFIFAH ARYA HIDAYAT', 'P', 'BUMI KARAWANG RESIDENCE BLOK D1/19'),
	(76, '0141928825', 'AHMAD SHONNY FAQIH', 'L', 'PERUM CENGKONG PERSADA E13/05'),
	(77, '3146416566', 'AKBAR NURDAFFA PRATAMA', 'L', 'BUMI KARAWANG RESIDENCE BLOK B4/18'),
	(78, '0134275809', 'AKHMAD NUR HAIKAL', 'L', 'BUKIT GADING RESIDENCE C07/05'),
	(79, '3156311625', 'ALULA KHOIROTUN HISAN', 'P', 'BUMI KARAWANG RESIDENCE BLOK G18/4'),
	(80, '3151890170', 'AMIRA AYUDIA INARA', 'P', 'BUMI KARAWANG RESIDENCE BLOK G14/31'),
	(81, '3157083740', 'ANNISA SALSABILA', 'P', 'PURI MAS ASRI BLOK H/3'),
	(82, '3151921919', 'AQEELA QUEENZA ANDRIAN', 'P', 'PURI MAS ASRI BLOK M/9'),
	(83, '3140584716', 'AQILA MAULIZA', 'P', 'GREEN LAKESIDE'),
	(84, '3149953339', 'ASHILA AFIF ARDIANTO', 'P', 'BUMI KARAWANG RESIDENCE BLOK G14/26'),
	(85, '3154081088', 'AYSHA SAKHI RYLIANDUTA', 'P', 'CENGKONG SARI INDAH BLOK E/2'),
	(86, '3151400926', 'CHAIRA AINUN QULAIBAH', 'P', 'BUMI KARAWANG RESIDENCE BLOK G13/24'),
	(87, '0152208185', 'DAFFA IBNU HAFIDZ', 'L', 'BUMI KARAWANG RESIDENCE BLOK A7/3'),
	(88, '3141757302', 'DEVIN AL FATIH', 'L', 'PERMATA HARMONI BLOK B8/19'),
	(89, '0157284460', 'DZAKIRA AULIA ZAHRA', 'P', 'BUMI KARAWANG RESIDENCE BLOK C4/26'),
	(90, '3163276872', 'ELSE HANA KHAIRUNNISA', 'P', 'BUMI KARAWANG RESIDENCE BLOK B7/6'),
	(91, '3157964489', 'FAEYZA ARZIKI', 'L', 'BUMI KARAWANG RESIDENCE BLOK C6/3'),
	(92, '0145513437', 'FAEYZA FIA AJMAL', 'P', 'BUMI KARAWAANG RESIDENCE C5/11'),
	(93, '3158058837', 'FAIK HASBI', 'L', 'BUMI KARAWANG RESIDENCE BLOK A4/24'),
	(94, '3146120626', 'FARIS SAKHI ZAIDAN', 'L', 'PESONA CENGKONG ASRI BLOK C1/11'),
	(95, '0142556053', 'GILANG PERMANA', 'L', 'BUMI KARAWANG RESIDENCE A8/31'),
	(96, '0148078216', 'HAIDAR AHNAF ALFRZAN', 'L', 'BUMI KARAWANG RESIDENCE A4/37'),
	(97, '0142194733', 'HAIKAL ASYHARI', 'L', 'BUMI KARAWANG RESIDENCE A8/20'),
	(98, '3152289492', 'HISYAM SYARIF DIRGANTARA', 'L', 'BUMI KARAWANG RESIDENCE BLOK A5/3'),
	(99, '0135718924', 'IHYA ULUMUDDIN YAHYA', 'L', 'KP. KALIWEDI'),
	(100, '0145469956', 'INAYA AZMI ATHIFA', 'P', 'BUMI KARAWANG RESIDENCE BLOK A7/12'),
	(101, '0156314974', 'JAVAS WISTARA WARADANA', 'L', 'PERUM CENGKONG ASRI BLOK A11/14'),
	(102, '0142680387', 'KAMILIA ALMIRA RAHMAN', 'P', 'KP. KALIWEDI'),
	(103, '3159771578', 'KEENAN AHMAD DAMIANT', 'L', 'BUMI KARAWANG RESIDENCE BLOK F4/12'),
	(104, '0151571370', 'KHANAFI ALANNUR', 'L', 'PERMATA HARMONI BLOK D4/7'),
	(105, '3143479279', 'KHUMAIRA AZZAHRA', 'P', 'BUMI KARAWANG RESIDENCE BLOK F2/29'),
	(106, '3150956670', 'KIRANA PUTRI RAHMADANI', 'P', 'BUMI KARAWANG RESIDENCE BLOK C1/15'),
	(107, '3158244581', 'KIRANA SYIFA APRILIA', 'P', 'BUMI KARAWANG RESIDENCE BLOK G14/33'),
	(108, '0141180152', 'MIRA KUSMADAYANTI', 'P', 'BUMI KARAWANG RESIDENCE G8/11'),
	(109, '3154460886', 'MUHAMAD FAQIH NI\'AM ROMDONI', 'L', 'BUMI KARAWANG RESIDENCE BLOK E8/18'),
	(110, '3146777640', 'MUHAMAD RAKA NUGRAHA', 'L', 'PESONA CENGKONG ASRI BLOK C1/4'),
	(111, '3159088499', 'MUHAMMAD ARFAZKA RIZKY SUTEJA', 'L', 'GARDEN CITY RESIDENCE'),
	(112, '3152602405', 'MUHAMMAD AZKA AL ARKHAN', 'L', 'PERMATA CENGKONG PERSADA BLOK E18/9'),
	(113, '0149283273', 'MUHAMMAD AZMI HANIF BILLAH', 'L', 'BUMI KARAWANG RESIDENCE D7/6'),
	(114, '0146408675', 'MUHAMMAD DAFFA IBNU HAFIZ', 'L', 'BUMI KARAWANG RESIDENCE G13/06'),
	(115, '0147108636', 'MUHAMMAD FATIH ADZANI', 'L', 'BUMI KARAWANG RESIDENCE C3/03'),
	(116, '3152181510', 'MUHAMMAD KAFA MUSYFIQ AMRULLAH', 'L', 'KP. KALIWEDI'),
	(117, '3143527373', 'MUHAMMAD NIZAM AL- KHALIFI', 'L', 'BUMI KARAWANG RESIDENCE BLOK E3/34'),
	(118, '3140293745', 'MUHAMMAD RAFFASYA ALFARIZKY', 'L', 'BUMI KARAWANG RESIDENCE BLOK G13/34'),
	(119, '0151881068', 'MUHAMMAD RAYA RABBANI', 'L', 'KP. KALIWEDI'),
	(120, '0145023411', 'MUNTAHA KHOERUL AL FARIZ', 'L', 'Kp. Kaliwedi'),
	(121, '3168614681', 'MUTHIA NURFADILAH NUGRAHA', 'P', 'BUMI KARAWANG RESIDENCE BLOK E7/9'),
	(122, '0142774313', 'NABIL AR-ROSYID', 'L', 'BUMI KARAWANG RESIDENCE G5/12A'),
	(123, '3157873086', 'NADA FAJRIA SALSABILA', 'P', 'BUMI KARAWANG RESIDENCE BLOK E5/10'),
	(124, '0139637764', 'NAFEEZA KHOIRULAMIN', 'L', 'BUMI KARAWANG RESIDENCE G8/04'),
	(125, '0141646206', 'NAFISATUL AGHNIA', 'P', 'Bumi Karawang Residence G05/15'),
	(126, '3150526502', 'NAIYA AMELYA VEGA', 'P', 'BUMI KARAWANG RESIDENCE BLOK E3/36'),
	(127, '3153500624', 'NAJMAH HUSNA', 'P', 'BUMI KARAWANG RESIDENCE BLOK B2/15'),
	(128, '0146589616', 'NAURA SYAQILA OKTAVIA', 'P', 'BUMI KARAWANG RESIDENCE '),
	(129, '0134002143', 'NAZEERA KHAIRUNNISA', 'P', 'BUMI KARAWANG RESIDENCE G8/04'),
	(130, '3159480126', 'NURIN ZAKIYA ALI', 'P', 'BUMI KARAWANG RESIDENCE BLOK G14/12A'),
	(131, '3151925109', 'PUTRI FARAHDISA', 'P', 'BUMI KARAWANG RESIDENCE BLOK A5/19'),
	(132, '3163464530', 'QIANA ZULAIKHA AWULI JAMIL', 'P', 'PERUM CENGKONG PERSADA BLOK G'),
	(133, '3142257759', 'RADEN WISHYA LAKSANA PUTRA', 'L', 'PERMATA KARAWANG RESIDENCE BLOK BB3/8'),
	(134, '3150121392', 'RAFANDRA ADHYASTHA PRATAMA', 'L', 'BUMI KARAWANG RESIDENCE BLOK G10/6'),
	(135, '0146840203', 'RAMDANI RISKI ADITYA', 'L', 'PERUM CENGKONG PERSADA D4/2'),
	(136, '3152027603', 'RANIAH SALSABILA ANGGRAINI', 'P', 'PERUM CENGKONG PERSADA BLOK D18/14'),
	(137, '0142525285', 'RASHA ALBY FARZAN PRADIPTA', 'L', 'PURI MAS ASRI F10'),
	(138, '3144215604', 'RAZQA AL- FARIZI', 'L', 'PERMATA HARMONI BLOK D1/19'),
	(139, '3146800299', 'REGINA REZTWO PRAWITA', 'P', 'BUMI KARAWANG RESIDENCE BLOK E4/25'),
	(140, '3165946057', 'RENAL AZKA HAMIZAN', 'L', 'BUMI KARAWANG RESIDENCE BLOK A6/30'),
	(141, '0141351453', 'RIFKI NUR AZMI', 'L', 'BUMI KARAWANG RESIDENCE A5/16'),
	(142, '0142784571', 'RIZAL MAULANA', 'L', 'PESONA KARAWANG RESIDENCE BB1/01'),
	(143, '3153509193', 'SATRIA GENIMAL', 'L', 'BUMI KARAWANG RESIDENCE BLOK A/9'),
	(144, '3145778036', 'SHEELA CHATURA HASNA', 'P', 'BUMI KARAWANG RESIDENCE BLOK E5/3'),
	(145, '3141566440', 'SYAKHILA IZZATUNNISA', 'P', 'BUMI KARAWANG RESIDENCE BLOK B2/12A'),
	(146, '0139650225', 'TSABIT AQLAN ALFATIH', 'L', 'BUKIT GADING RESIDENCE'),
	(147, '0149316832', 'ZAHRA FATHIYYATURAHMA', 'P', 'BUMI KARAWANG RESIDENCE A5/10'),
	(148, '3147148701', 'ZULMI IKHWAN AWULI JAMIL', 'L', 'PERUM CENGKONG PERSADA BLOK G'),
	(149, '181905001', 'AIDAN FAHREZI ', 'L', 'PERUM BUMI KOSAMBI PERMAI'),
	(150, '181905002', 'ASYIELA KHANZA CLARISSA', 'P', 'PERUM BUMI KOSAMBI PERMAI'),
	(151, '181905003', 'AZKA DANISH  ', 'L', 'PERUM BUMI KOSAMBI PERMAI'),
	(152, '181905004', 'AZKA MAULANA', 'L', 'PERUM BUMI KOSAMBI PERMAI'),
	(153, '181905005', 'DELISA ARSINTA ASYABILLA', 'P', 'PERUM BUMI KOSAMBI PERMAI'),
	(154, '181905006', 'FITRIA AULIA RAMADHANIA', 'P', 'PERUM BUMI KOSAMBI PERMAI'),
	(155, '181905007', 'JOELIA SUCI FAHMARANI', 'P', 'PERUM BUMI KOSAMBI PERMAI'),
	(156, '181905008', 'KENZHI CAHAYA MULYADI ', 'L', 'PERUM BUMI KOSAMBI PERMAI'),
	(157, '181905009', 'KHAERUNNISA', 'P', 'PERUM BUMI KOSAMBI PERMAI'),
	(158, '181905010', 'MUHAMMAD ADITYA NUR MAULANA', 'L', 'PERUM BUMI KOSAMBI PERMAI'),
	(159, '181905011', 'NABILA AURA ZHAFIRA', 'P', 'PERUM BUMI KOSAMBI PERMAI'),
	(160, '181905012', 'PUTRA MUHAMAD ALFATIH ', 'L', 'PERUM BUMI KOSAMBI PERMAI'),
	(161, '181905013', 'RAFA AVAREL ABGARI ', 'L', 'PERUM BUMI KOSAMBI PERMAI'),
	(162, '181905014', 'RAYA HABIBUR ROHMAN', 'L', 'PERUM BUMI KOSAMBI PERMAI'),
	(163, '181905015', 'RAYA RIZKI ROBBANI ', 'L', 'PERUM BUMI KOSAMBI PERMAI'),
	(164, '181905016', 'SABREENA HANIFATULQOLBI', 'P', 'PERUM BUMI KOSAMBI PERMAI'),
	(165, '161701007', 'ERLANGGA RADITYA', 'L', 'PERUM BUMI KOSAMBI PERMAI'),
	(166, '171804003', 'ALISYA DWI HAMIDAH', 'P', 'PERUM BUMI KOSAMBI PERMAI'),
	(167, '171804004', 'AMANDA RIFANI QISTY', 'P', 'PERUM BUMI KOSAMBI PERMAI'),
	(168, '171804005', 'ANA ALTHOFUNNISA', 'P', 'PERUM BUMI KOSAMBI PERMAI'),
	(169, '171804007', 'ANTONIO RIZQI MAULANA', 'L', 'PERUM BUMI KOSAMBI PERMAI'),
	(170, '171804008', 'ARJUNA FAIZ RAMADHAN', 'L', 'PERUM BUMI KOSAMBI PERMAI'),
	(171, '171804009', 'ASYRAF KHAIRUL AMRI', 'L', 'PERUM BUMI KOSAMBI PERMAI'),
	(172, '171804010', 'AUFAR ALFIANSYAH REDIONO', 'L', 'PERUM BUMI KOSAMBI PERMAI'),
	(173, '171804011', 'AZKA NIZAR PRATAMA', 'L', 'PERUM BUMI KOSAMBI PERMAI'),
	(174, '171804014', 'DWI MAULANA YUSUF', 'L', 'PERUM BUMI KOSAMBI PERMAI'),
	(175, '171804015', 'DWI YUDHA PRATAMA', 'L', 'PERUM BUMI KOSAMBI PERMAI'),
	(176, '171804016', 'GHAITSAA YUMNA PURNAMA', 'P', 'PERUM BUMI KOSAMBI PERMAI'),
	(177, '171804017', 'GILANG ALKHALIFI ZIKRI', 'L', 'PERUM BUMI KOSAMBI PERMAI'),
	(178, '171804019', 'ILHAM RAMDHAN NUGROHO', 'L', 'PERUM BUMI KOSAMBI PERMAI'),
	(179, '171804021', 'MUHAMMAD AKBAR', 'L', 'PERUM BUMI KOSAMBI PERMAI'),
	(180, '171804024', 'NABIL HAIDAR PRADIPTA', 'L', 'PERUM BUMI KOSAMBI PERMAI'),
	(181, '171804025', 'NABILA CANDY PUTRI AL MUIN', 'P', 'PERUM BUMI KOSAMBI PERMAI'),
	(182, '171804028', 'SALSABILA PUTRI HARIFAH', 'P', 'PERUM BUMI KOSAMBI PERMAI'),
	(183, '171804029', 'TIBYAN FATURRAHMAN', 'L', 'PERUM BUMI KOSAMBI PERMAI'),
	(184, '151601002', 'BAGUS BIMA PRAKASA', 'L', 'PERUM BUMI KOSAMBI PERMAI'),
	(185, '151601021', 'SITI MALIHAH', 'P', 'PERUM BUMI KOSAMBI PERMAI'),
	(186, '161701002', 'AGUNG SETIA BUDI', 'L', 'PERUM BUMI KOSAMBI PERMAI'),
	(187, '161701003', 'ALIYA NOER WIJAYA', 'P', 'PERUM BUMI KOSAMBI PERMAI'),
	(188, '161701004', 'AMELIA NUR OKTAVIANI', 'P', 'PERUM BUMI KOSAMBI PERMAI'),
	(189, '161701005', 'ANDIKA FEBRIANTO ', 'L', 'PERUM BUMI KOSAMBI PERMAI'),
	(190, '161701007', 'ARKA CAHYA PERMANA ', 'L', 'PERUM BUMI KOSAMBI PERMAI'),
	(191, '161701009', 'FEBRY ALISYA PUTRI', 'P', 'PERUM BUMI KOSAMBI PERMAI'),
	(192, '161701008', 'HAIDAR ABID LUTHFI', 'L', 'PERUM BUMI KOSAMBI PERMAI'),
	(193, '161701010', 'IHSAN RAFFI RABBANI', 'L', 'PERUM BUMI KOSAMBI PERMAI'),
	(194, '161701013', 'NADZIFATUL JANAH', 'P', 'PERUM BUMI KOSAMBI PERMAI'),
	(195, '161701020', 'ZAHRA NURAENI', 'P', 'PERUM BUMI KOSAMBI PERMAI'),
	(196, '141501016', 'ABDULLAH AZZAM .K.F.', 'L', 'PERUM BUMI KOSAMBI PERMAI'),
	(197, '151601001', 'ALIF ABQORI', 'L', 'PERUM BUMI KOSAMBI PERMAI'),
	(198, '151601003', 'BIMO PUTRA JULIAN', 'L', 'PERUM BUMI KOSAMBI PERMAI'),
	(199, '151601004', 'FIRMAN FAJAR FADILLAH', 'L', 'PERUM BUMI KOSAMBI PERMAI'),
	(200, '151601006', 'DAMAR RIZKIYANTO', 'L', 'PERUM BUMI KOSAMBI PERMAI'),
	(201, '151601007', 'KIZIA ARINDA SYIFA NASHITAH', 'P', 'PERUM BUMI KOSAMBI PERMAI'),
	(202, '151601008', 'MUHAMAD RIZKY SAEFUDIN MUKTAR', 'L', 'PERUM BUMI KOSAMBI PERMAI'),
	(203, '151601009', 'MUHAMMAD KENZIE ARIYANTO', 'L', 'PERUM BUMI KOSAMBI PERMAI'),
	(204, '151601010', 'MUHAMMAD AL GHIFARI', 'L', 'PERUM BUMI KOSAMBI PERMAI'),
	(205, '151601011', 'M. AZZAM ABDUL ROBBANI', 'L', 'PERUM BUMI KOSAMBI PERMAI'),
	(206, '151601012', 'NINO GHASAN PRATAMA', 'L', 'PERUM BUMI KOSAMBI PERMAI'),
	(207, '151601013', 'NAZWA SALSABILA', 'P', 'PERUM BUMI KOSAMBI PERMAI'),
	(208, '151601014', 'NOUVAL SAEFUL RIZAL', 'L', 'PERUM BUMI KOSAMBI PERMAI'),
	(209, '151601015', 'NANDA SETYA EKA PUTRI', 'P', 'PERUM BUMI KOSAMBI PERMAI'),
	(210, '151601016', 'RAESHA MAULIDIA PUTRI', 'P', 'PERUM BUMI KOSAMBI PERMAI'),
	(211, '161701011', 'MEYDA NUR TAVISHA', 'P', 'PERUM BUMI KOSAMBI PERMAI'),
	(212, '161701012', 'MUHAMMAD AZKA ADITYA', 'L', 'PERUM BUMI KOSAMBI PERMAI'),
	(213, '151601022', 'NAJWA HANIFAH', 'P', 'PERUM BUMI KOSAMBI PERMAI'),
	(214, '161701014', 'NIKITA OKTAVIANA', 'P', 'PERUM BUMI KOSAMBI PERMAI'),
	(215, '161701015', 'RAIHAN DZAKY SAPUTRA', 'L', 'PERUM BUMI KOSAMBI PERMAI'),
	(216, '161701016', 'REFAN FAHLEVI AL MUSSYAFA', 'L', 'PERUM BUMI KOSAMBI PERMAI'),
	(217, '161701017', 'RIDHO FIKRI AL MUSTOFA', 'L', 'PERUM BUMI KOSAMBI PERMAI'),
	(218, '161701018', 'VANESA NURHAVIDAH RISTIANTO', 'P', 'PERUM BUMI KOSAMBI PERMAI'),
	(219, '161701019', 'YULIANA ARYANING TYAS', 'P', 'PERUM BUMI KOSAMBI PERMAI');
/*!40000 ALTER TABLE `siswa` ENABLE KEYS */;

-- Dumping structure for table sample_data.user
DROP TABLE IF EXISTS `user`;
CREATE TABLE IF NOT EXISTS `user` (
  `id` int(11) NOT NULL AUTO_INCREMENT,
  `username` varchar(50) DEFAULT NULL,
  `password` varchar(50) DEFAULT NULL,
  `nama` varchar(50) DEFAULT NULL,
  PRIMARY KEY (`id`)
) ENGINE=InnoDB AUTO_INCREMENT=2 DEFAULT CHARSET=latin1;

-- Dumping data for table sample_data.user: ~1 rows (approximately)
DELETE FROM `user`;
/*!40000 ALTER TABLE `user` DISABLE KEYS */;
INSERT INTO `user` (`id`, `username`, `password`, `nama`) VALUES
	(1, 'admin', '21232f297a57a5a743894a0e4a801fc3', 'Administrator');
/*!40000 ALTER TABLE `user` ENABLE KEYS */;

/*!40101 SET SQL_MODE=IFNULL(@OLD_SQL_MODE, '') */;
/*!40014 SET FOREIGN_KEY_CHECKS=IF(@OLD_FOREIGN_KEY_CHECKS IS NULL, 1, @OLD_FOREIGN_KEY_CHECKS) */;
/*!40101 SET CHARACTER_SET_CLIENT=@OLD_CHARACTER_SET_CLIENT */;
